firstname,lastname,email,phone,company,linkedin,jobtitle,emoji
Jolie,Kautzer,Jolie.Kautzer@hotmail.com,481.888.2040 x42874,"Osinski, Thiel and Grimes",https://www.linkedin.com/in/arKris828,Health Subject Matter Expert,:ghost:
Darrion,Buckridge,Darrion.Buckridge@hotmail.com,+1-337-953-5458,Dibbert-Jaskolski,https://www.linkedin.com/in/radine904,Health Subject Matter Expert,:japanese_ogre:
Alice,Kovacek,Alice.Kovacek@yahoo.com,+1-591-863-9646,Bechtelar Group,https://www.linkedin.com/in/eloppe646,Health Subject Matter Expert,:male-singer:
Sabina,Connelly,Sabina.Connelly@yahoo.com,992-787-5635 x71104,Tromp Group,https://www.linkedin.com/in/erbert897,Health Subject Matter Expert,:female-doctor:
Nicholas,Gerlach,Nicholas.Gerlach@yahoo.com,229-563-6589 x750,"Kris, Gorczany and Gleason",https://www.linkedin.com/in/ekke221,Health Subject Matter Expert,:male-mechanic:
Vito,Mayert,Vito.Mayert@yahoo.com,(371) 226-8075 x1939,Satterfield LLC,https://www.linkedin.com/in/iellachke903,Technology Subject Matter Expert,:older_man:
Reba,Wuckert,Reba.Wuckert@yahoo.com,1-787-303-9633 x0904,Ryan-Weber,https://www.linkedin.com/in/aokes399,Technology Subject Matter Expert,:alien:
Kaleb,Halvorson,Kaleb.Halvorson@yahoo.com,736.350.3625 x7861,Mohr LLC,https://www.linkedin.com/in/nuelleMraz256,Technology Subject Matter Expert,:male-farmer:
Leola,Kilback,Leola.Kilback@yahoo.com,879-581-1798 x81003,"Buckridge, Orn and Kihn",https://www.linkedin.com/in/reundt964,Technology Subject Matter Expert,:female-pilot:
Hazel,Pouros,Hazel.Pouros@yahoo.com,+1-431-868-8206,"Shanahan, Sipes and Kovacek",https://www.linkedin.com/in/etzon722,Technology Subject Matter Expert,:male-judge:
Dan,Lind,Dan.Lind@yahoo.com,734-336-6349 x021,O'Keefe Ltd,https://www.linkedin.com/in/ayleVon815,Other Subject Matter Expert,:boy:
Katelyn,Wisoky,Katelyn.Wisoky@yahoo.com,+1-230-475-1316,Wilderman LLC,https://www.linkedin.com/in/entsch504,Other Subject Matter Expert,:female-judge:
Ricardo,Tremblay,Ricardo.Tremblay@yahoo.com,(710) 828-1175 x2476,Mante LLC,https://www.linkedin.com/in/marieesen760,Other Subject Matter Expert,:bride_with_veil:
Zechariah,Champlin,Zechariah.Champlin@yahoo.com,1-621-377-0205 x04981,"Hagenes, Larkin and Lueilwitz",https://www.linkedin.com/in/naoyle483,Other Subject Matter Expert,:man_with_gua_pi_mao:
Donna,Grant,Donna.Grant@yahoo.com,+1-578-436-9312,"Mills, Leuschke and Toy",https://www.linkedin.com/in/inaHara293,Other Subject Matter Expert,:construction_worker:
